{"stats":{"minecraft:dropped":{"minecraft:wooden_pickaxe":1,"alexsmobs:animal_dictionary":1},"minecraft:custom":{"minecraft:time_since_rest":5588,"minecraft:crouch_one_cm":154,"minecraft:play_time":5588,"minecraft:sprint_one_cm":19191,"minecraft:damage_taken":200,"minecraft:walk_one_cm":11187,"minecraft:sneak_time":142,"minecraft:mob_kills":2,"minecraft:drop":2,"minecraft:jump":262,"minecraft:damage_dealt":381,"minecraft:time_since_death":5588,"minecraft:walk_on_water_one_cm":590,"minecraft:total_world_time":5588,"minecraft:interact_with_crafting_table":3,"minecraft:fall_one_cm":8299,"minecraft:fly_one_cm":46456},"minecraft:picked_up":{"minecraft:birch_log":5,"minecraft:chicken":1,"minecraft:rotten_flesh":1,"minecraft:gravel":1,"minecraft:mutton":1,"minecraft:white_wool":1,"alexsmobs:animal_dictionary":1,"minecraft:dirt":15,"minecraft:birch_sapling":3,"minecraft:cobblestone":23},"minecraft:killed":{"minecraft:zombie":1,"minecraft:chicken":1},"minecraft:used":{"minecraft:stone_sword":8,"minecraft:dirt":1,"minecraft:mutton":1,"minecraft:crafting_table":1,"minecraft:stone_pickaxe":19,"minecraft:birch_sapling":3,"minecraft:wooden_pickaxe":3},"minecraft:crafted":{"minecraft:birch_planks":20,"minecraft:crafting_table":1,"minecraft:stick":8,"minecraft:wooden_pickaxe":1,"minecraft:stone_pickaxe":1,"minecraft:stone_sword":1},"minecraft:mined":{"minecraft:birch_sapling":1,"minecraft:birch_log":5,"minecraft:stone":22,"minecraft:birch_leaves":1}},"DataVersion":3465}