{"stats":{"minecraft:dropped":{"minecraft:shield":1,"minecraft:stone_sword":4,"alexsmobs:animal_dictionary":1,"minecraft:wooden_pickaxe":2},"minecraft:custom":{"minecraft:time_since_rest":9556,"minecraft:interact_with_furnace":4,"minecraft:sprint_one_cm":85432,"minecraft:damage_taken":1086,"minecraft:walk_one_cm":76143,"minecraft:mob_kills":5,"minecraft:drop":8,"minecraft:damage_dealt":1031,"minecraft:swim_one_cm":936,"minecraft:interact_with_crafting_table":9,"minecraft:fly_one_cm":129370,"minecraft:crouch_one_cm":1670,"minecraft:play_time":29588,"minecraft:deaths":4,"minecraft:sneak_time":709,"minecraft:walk_under_water_one_cm":501,"minecraft:jump":926,"minecraft:walk_on_water_one_cm":1375,"minecraft:time_since_death":9530,"minecraft:climb_one_cm":1127,"minecraft:total_world_time":29588,"minecraft:fall_one_cm":26468},"minecraft:picked_up":{"minecraft:birch_log":7,"minecraft:raw_iron":8,"minecraft:stick":22,"minecraft:chicken":2,"minecraft:andesite":14,"minecraft:torch":4,"minecraft:wooden_pickaxe":1,"minecraft:birch_planks":27,"minecraft:gravel":3,"minecraft:jungle_planks":16,"minecraft:shield":1,"minecraft:dirt":46,"alexsmobs:animal_dictionary":3,"minecraft:bone":2,"minecraft:stone_sword":7,"minecraft:arrow":6,"minecraft:rotten_flesh":2,"minecraft:granite":28,"minecraft:stone_pickaxe":3,"minecraft:birch_sapling":8,"minecraft:mutton":1,"minecraft:coal":55,"minecraft:white_wool":7,"minecraft:cobblestone":360},"minecraft:broken":{"minecraft:stone_pickaxe":1},"minecraft:killed":{"minecraft:skeleton":3,"minecraft:zombie":1,"minecraft:chicken":1},"minecraft:killed_by":{"minecraft:player":1,"minecraft:skeleton":1},"minecraft:used":{"minecraft:stone_sword":22,"minecraft:chicken":1,"minecraft:stone_pickaxe":288,"minecraft:birch_sapling":3,"minecraft:wooden_pickaxe":8,"minecraft:gravel":1,"minecraft:rotten_flesh":1,"minecraft:torch":1,"minecraft:cobblestone":20,"minecraft:white_wool":4,"minecraft:dirt":1,"minecraft:mutton":1,"minecraft:crafting_table":1,"minecraft:furnace":3,"minecraft:granite":2},"minecraft:crafted":{"minecraft:shield":2,"minecraft:crafting_table":1,"minecraft:stick":20,"minecraft:iron_ingot":8,"minecraft:wooden_pickaxe":2,"minecraft:stone_pickaxe":4,"minecraft:furnace":3,"minecraft:stone_sword":2,"minecraft:torch":32,"minecraft:birch_planks":28,"minecraft:air":0},"minecraft:mined":{"minecraft:birch_sapling":1,"minecraft:iron_ore":8,"minecraft:birch_log":7,"minecraft:andesite":6,"minecraft:birch_leaves":5,"minecraft:torch":1,"minecraft:granite":16,"minecraft:grass":1,"minecraft:grass_block":2,"minecraft:coal_ore":34,"minecraft:cobblestone":5,"minecraft:stone":223,"minecraft:white_wool":4,"minecraft:wall_torch":1}},"DataVersion":3465}