{"stats":{"minecraft:dropped":{"alexsmobs:animal_dictionary":1,"minecraft:wooden_pickaxe":1},"minecraft:custom":{"minecraft:time_since_rest":6504,"minecraft:sprint_one_cm":59417,"minecraft:damage_taken":886,"minecraft:walk_one_cm":43554,"minecraft:mob_kills":5,"minecraft:drop":2,"minecraft:damage_dealt":981,"minecraft:swim_one_cm":936,"minecraft:interact_with_crafting_table":5,"minecraft:fly_one_cm":101230,"minecraft:crouch_one_cm":1506,"minecraft:play_time":17588,"minecraft:deaths":3,"minecraft:sneak_time":645,"minecraft:walk_under_water_one_cm":501,"minecraft:jump":653,"minecraft:walk_on_water_one_cm":1265,"minecraft:time_since_death":6479,"minecraft:climb_one_cm":921,"minecraft:total_world_time":17588,"minecraft:fall_one_cm":22174},"minecraft:picked_up":{"minecraft:birch_log":7,"minecraft:stick":14,"minecraft:chicken":2,"minecraft:andesite":1,"minecraft:torch":2,"minecraft:birch_planks":18,"minecraft:gravel":3,"minecraft:dirt":43,"alexsmobs:animal_dictionary":3,"minecraft:bone":2,"minecraft:stone_sword":2,"minecraft:arrow":6,"minecraft:rotten_flesh":2,"minecraft:granite":12,"minecraft:stone_pickaxe":2,"minecraft:birch_sapling":5,"minecraft:mutton":1,"minecraft:coal":4,"minecraft:white_wool":7,"minecraft:cobblestone":150},"minecraft:killed":{"minecraft:skeleton":3,"minecraft:zombie":1,"minecraft:chicken":1},"minecraft:killed_by":{"minecraft:skeleton":1},"minecraft:used":{"minecraft:stone_sword":20,"minecraft:chicken":1,"minecraft:stone_pickaxe":106,"minecraft:birch_sapling":3,"minecraft:wooden_pickaxe":8,"minecraft:gravel":1,"minecraft:rotten_flesh":1,"minecraft:cobblestone":20,"minecraft:white_wool":4,"minecraft:dirt":1,"minecraft:mutton":1,"minecraft:crafting_table":1},"minecraft:crafted":{"minecraft:crafting_table":1,"minecraft:stick":16,"minecraft:wooden_pickaxe":2,"minecraft:stone_pickaxe":2,"minecraft:stone_sword":2,"minecraft:birch_planks":28},"minecraft:mined":{"minecraft:birch_sapling":1,"minecraft:birch_log":7,"minecraft:andesite":1,"minecraft:birch_leaves":5,"minecraft:granite":13,"minecraft:grass":1,"minecraft:coal_ore":2,"minecraft:cobblestone":5,"minecraft:stone":91,"minecraft:white_wool":4,"minecraft:wall_torch":1}},"DataVersion":3465}