{"stats":{"minecraft:dropped":{"minecraft:wooden_pickaxe":1},"minecraft:custom":{"minecraft:time_since_rest":12937,"minecraft:sprint_one_cm":1729,"minecraft:damage_taken":170,"minecraft:walk_one_cm":68401,"minecraft:mob_kills":9,"minecraft:drop":1,"minecraft:damage_dealt":900,"minecraft:swim_one_cm":4005,"minecraft:interact_with_crafting_table":3,"minecraft:fly_one_cm":937,"minecraft:play_time":12937,"minecraft:sneak_time":11,"minecraft:walk_under_water_one_cm":3795,"minecraft:jump":134,"minecraft:walk_on_water_one_cm":2230,"minecraft:leave_game":2,"minecraft:time_since_death":12937,"minecraft:total_world_time":12937,"minecraft:climb_one_cm":1123,"minecraft:fall_one_cm":2136},"minecraft:picked_up":{"minecraft:birch_log":5,"minecraft:dark_oak_sapling":4,"minecraft:cocoa_beans":13,"minecraft:stick":1,"minecraft:porkchop":22,"minecraft:dark_oak_log":35,"minecraft:raw_copper":4,"minecraft:bamboo":10,"minecraft:melon_slice":11,"minecraft:sugar_cane":10,"minecraft:birch_sapling":1,"minecraft:coal":31,"minecraft:cobblestone":18},"minecraft:killed":{"minecraft:pig":9},"minecraft:used":{"minecraft:stone_pickaxe":55,"minecraft:melon_slice":7,"minecraft:wooden_pickaxe":3,"minecraft:bamboo":1,"minecraft:stone_axe":52,"minecraft:cobblestone":6,"minecraft:crafting_table":2,"alexsmobs:animal_dictionary":1},"minecraft:crafted":{"minecraft:crafting_table":2,"minecraft:stick":8,"minecraft:wooden_pickaxe":1,"minecraft:stone_pickaxe":1,"minecraft:birch_planks":20,"minecraft:stone_axe":1},"minecraft:mined":{"minecraft:birch_sapling":1,"minecraft:dark_oak_leaves":35,"minecraft:birch_log":5,"minecraft:dark_oak_log":35,"minecraft:birch_leaves":1,"minecraft:grass":1,"minecraft:coal_ore":31,"minecraft:melon":2,"minecraft:cocoa":7,"minecraft:copper_ore":1,"minecraft:bamboo_sapling":1,"minecraft:bamboo":1,"minecraft:stone":17,"minecraft:sugar_cane":4}},"DataVersion":3465}