{"stats":{"minecraft:dropped":{"minecraft:torch":2},"minecraft:custom":{"minecraft:time_since_rest":16574,"minecraft:interact_with_furnace":5,"minecraft:sprint_one_cm":30954,"minecraft:damage_taken":150,"minecraft:walk_one_cm":56522,"minecraft:mob_kills":13,"minecraft:drop":2,"minecraft:damage_dealt":1292,"minecraft:interact_with_crafting_table":4,"minecraft:fly_one_cm":24107,"minecraft:crouch_one_cm":2736,"minecraft:play_time":16574,"minecraft:sneak_time":1062,"minecraft:jump":209,"minecraft:walk_on_water_one_cm":925,"minecraft:time_since_death":16574,"minecraft:total_world_time":16574,"minecraft:climb_one_cm":367,"minecraft:fall_one_cm":4271},"minecraft:picked_up":{"minecraft:birch_log":46,"minecraft:stick":2,"minecraft:crafting_table":2,"minecraft:feather":2,"minecraft:jungle_log":4,"minecraft:brown_wool":1,"minecraft:leather":3,"minecraft:torch":2,"minecraft:wooden_pickaxe":1,"minecraft:porkchop":2,"minecraft:dirt":6,"minecraft:raw_copper":2,"minecraft:rotten_flesh":6,"minecraft:granite":10,"minecraft:beef":8,"minecraft:gray_wool":1,"minecraft:coal":17,"minecraft:birch_sapling":1,"minecraft:mutton":5,"minecraft:white_wool":1,"minecraft:cobblestone":84,"minecraft:furnace":1},"minecraft:killed":{"minecraft:sheep":4,"minecraft:zombie":4,"minecraft:pig":2,"minecraft:cow":3},"minecraft:used":{"minecraft:cooked_mutton":2,"minecraft:stone_sword":26,"minecraft:stone_pickaxe":98,"minecraft:birch_sapling":1,"minecraft:wooden_pickaxe":28,"minecraft:torch":3,"minecraft:cobblestone":1,"minecraft:crafting_table":1,"minecraft:furnace":1,"alexsmobs:animal_dictionary":1},"minecraft:crafted":{"minecraft:crafting_table":1,"minecraft:stick":16,"minecraft:stone_pickaxe":1,"minecraft:stone_sword":1,"minecraft:furnace":1,"minecraft:torch":4,"minecraft:birch_planks":20,"minecraft:air":0,"minecraft:cooked_mutton":5,"minecraft:jungle_planks":16},"minecraft:mined":{"minecraft:furnace":1,"minecraft:birch_log":46,"minecraft:birch_leaves":5,"minecraft:crafting_table":2,"minecraft:granite":10,"minecraft:grass":3,"minecraft:grass_block":2,"minecraft:coal_ore":9,"minecraft:jungle_log":4,"minecraft:dirt":5,"minecraft:copper_ore":1,"minecraft:stone":99,"minecraft:wall_torch":1,"minecraft:fern":1}},"DataVersion":3465}