{"stats":{"minecraft:custom":{"minecraft:time_since_rest":4574,"minecraft:crouch_one_cm":148,"minecraft:play_time":4574,"minecraft:sprint_one_cm":7502,"minecraft:damage_taken":20,"minecraft:walk_one_cm":16150,"minecraft:sneak_time":38,"minecraft:mob_kills":2,"minecraft:jump":68,"minecraft:damage_dealt":217,"minecraft:time_since_death":4574,"minecraft:total_world_time":4574,"minecraft:interact_with_crafting_table":2,"minecraft:fall_one_cm":1912,"minecraft:fly_one_cm":7905},"minecraft:picked_up":{"minecraft:birch_log":2,"minecraft:wooden_pickaxe":1,"minecraft:porkchop":1,"minecraft:dirt":6,"minecraft:cobblestone":25},"minecraft:killed":{"minecraft:sheep":1,"minecraft:pig":1},"minecraft:used":{"alexsmobs:animal_dictionary":1,"minecraft:wooden_pickaxe":28},"minecraft:crafted":{"minecraft:birch_planks":8,"minecraft:stick":16,"minecraft:stone_pickaxe":1},"minecraft:mined":{"minecraft:grass":1,"minecraft:grass_block":2,"minecraft:dirt":5,"minecraft:birch_log":2,"minecraft:stone":25}},"DataVersion":3465}