{"stats":{"minecraft:dropped":{"minecraft:birch_planks":8,"minecraft:stone_sword":1,"minecraft:torch":2,"minecraft:jungle_planks":16},"minecraft:custom":{"minecraft:time_since_rest":28574,"minecraft:interact_with_furnace":5,"minecraft:sprint_one_cm":46289,"minecraft:damage_taken":200,"minecraft:walk_one_cm":97055,"minecraft:mob_kills":13,"minecraft:drop":5,"minecraft:damage_dealt":1426,"minecraft:player_kills":1,"minecraft:interact_with_crafting_table":6,"minecraft:fly_one_cm":44424,"minecraft:crouch_one_cm":6452,"minecraft:play_time":28574,"minecraft:sneak_time":2129,"minecraft:walk_under_water_one_cm":287,"minecraft:jump":362,"minecraft:walk_on_water_one_cm":1849,"minecraft:time_since_death":28574,"minecraft:total_world_time":28574,"minecraft:climb_one_cm":467,"minecraft:fall_one_cm":5943},"minecraft:picked_up":{"minecraft:birch_log":46,"minecraft:raw_iron":6,"minecraft:stick":4,"minecraft:crafting_table":3,"minecraft:feather":2,"minecraft:andesite":7,"minecraft:jungle_log":4,"minecraft:brown_wool":1,"minecraft:leather":3,"minecraft:torch":6,"minecraft:wooden_pickaxe":1,"minecraft:porkchop":2,"minecraft:dirt":7,"minecraft:raw_copper":7,"minecraft:stone_sword":1,"minecraft:rotten_flesh":6,"minecraft:granite":10,"minecraft:beef":8,"minecraft:gray_wool":1,"minecraft:coal":62,"minecraft:birch_sapling":1,"minecraft:mutton":5,"minecraft:white_wool":1,"minecraft:cobblestone":238,"minecraft:furnace":1},"minecraft:broken":{"minecraft:stone_pickaxe":1},"minecraft:killed":{"minecraft:sheep":4,"minecraft:zombie":4,"minecraft:pig":2,"minecraft:cow":3},"minecraft:used":{"minecraft:cooked_mutton":3,"minecraft:stone_sword":29,"minecraft:stone_pickaxe":351,"minecraft:birch_sapling":1,"minecraft:wooden_pickaxe":28,"minecraft:torch":10,"minecraft:cobblestone":1,"minecraft:crafting_table":3,"minecraft:furnace":1,"minecraft:andesite":3,"alexsmobs:animal_dictionary":1,"minecraft:granite":10},"minecraft:crafted":{"minecraft:crafting_table":1,"minecraft:stick":32,"minecraft:stone_pickaxe":3,"minecraft:stone_sword":1,"minecraft:furnace":1,"minecraft:torch":32,"minecraft:birch_planks":28,"minecraft:air":0,"minecraft:cooked_mutton":5,"minecraft:jungle_planks":16},"minecraft:mined":{"minecraft:furnace":1,"minecraft:iron_ore":6,"minecraft:birch_log":46,"minecraft:andesite":10,"minecraft:birch_leaves":5,"minecraft:crafting_table":3,"minecraft:granite":10,"minecraft:grass":3,"minecraft:grass_block":3,"minecraft:coal_ore":59,"minecraft:jungle_log":4,"minecraft:dirt":5,"minecraft:copper_ore":2,"minecraft:stone":281,"minecraft:wall_torch":4,"minecraft:fern":1}},"DataVersion":3465}